{
  "em": {
    "all": 0.3318191212362867,
    "commited": 0.3296610004281168,
    "common": 0.3221886394101067,
    "infile": 0.3434690549742453,
    "non_informative": 0.22650462962962958,
    "random": 0.35798611111111117,
    "inproject": 0.28854056629176245
  },
  "es": {
    "all": 69.81453990035814,
    "commited": 72.06545647177283,
    "common": 73.04448184665576,
    "infile": 72.65906794810344,
    "non_informative": 57.31168981481481,
    "random": 68.44201388888888,
    "inproject": 63.92542824002153
  },
  "dataset": "small_context",
  "composer": "path_distance",
  "model": "gpt-4o",
  "limit": 0,
  "max_context_chars": 16000,
  "skip_zero_context": true
}