{"./predictions-gpt5nano-v3-detailed": 0.7550036157321611, "./predictions-gpt5nano-v2-structured": 0.7791079789847488, "./predictions-gpt5nano-v5-example-guided": 0.7547788916564949, "./predictions-gpt5nano-v4-role-based": 0.7722131668830665, "./predictions-gpt5nano-v7-quality-focused": 0.7529500862929376, "./predictions-gpt5nano-v6-concise": 0.7607630707928956, "./predictions-gpt5nano-v1-original": 0.7028254759629886}