{
  "em": {
    "all": 0.24418797631806463,
    "commited": 0.25606851489205773,
    "common": 0.2629716222786874,
    "infile": 0.2656371202327084,
    "non_informative": 0.1243055555555555,
    "random": 0.2857638888888889,
    "inproject": 0.13347728826197727
  },
  "es": {
    "all": 65.02894859280308,
    "commited": 68.45739188309012,
    "common": 71.32419617293937,
    "infile": 68.09188960249188,
    "non_informative": 44.011458333333344,
    "random": 66.8407407407407,
    "inproject": 54.45636405062242
  },
  "dataset": "small_context",
  "composer": "path_distance",
  "model": "gpt-4o-mini",
  "limit": 0,
  "max_context_chars": 16000,
  "skip_zero_context": true
}