{
  "em": {
    "all": 0.1521049589735,
    "commited": 0.15411167145339827,
    "common": 0.10257904836709185,
    "infile": 0.17400021403049068,
    "non_informative": 0.06226851851851852,
    "random": 0.17604166666666643,
    "inproject": 0.1647776465958284
  },
  "es": {
    "all": 50.38655728042173,
    "commited": 53.51374299357712,
    "common": 49.59042625927816,
    "infile": 54.31843625364926,
    "non_informative": 34.47025462962963,
    "random": 50.16284722222221,
    "inproject": 49.17830526730049
  },
  "dataset": "small_context",
  "composer": "path_distance",
  "model": "gpt-3.5-turbo",
  "limit": 0,
  "max_context_chars": 16000,
  "skip_zero_context": true
}